{
  "root": "C:\\Users\\Abol\\Desktop\\Python\\مدل نسبت تاج و ریشه\\processed_labelme_dataset",
  "summary": {
    "root": "C:\\Users\\Abol\\Desktop\\Python\\مدل نسبت تاج و ریشه\\processed_labelme_dataset",
    "count_total": 400,
    "count_with_valid_ratio": 400,
    "count_skipped": 0,
    "ratios_summary": {
      "count": 400,
      "mean": 0.7376271652987407,
      "std": 0.199788561386408,
      "min": 0.2699679069947285,
      "max": 2.1253521126760564,
      "median": 0.720740562432422,
      "p05": 0.47312390063520104,
      "p25": 0.6155835436323095,
      "p75": 0.8282351575714512,
      "p95": 1.0590498110681237
    }
  },
  "boxplot": {
    "five_number": {
      "min": 0.2699679069947285,
      "q1": 0.6155835436323095,
      "median": 0.720740562432422,
      "q3": 0.8282351575714512,
      "max": 2.1253521126760564
    },
    "iqr": 0.21265161393914167
  },
  "histogram": {
    "bins": 33,
    "bin_edges": [
      0.2699679069947285,
      0.3261916708032536,
      0.3824154346117787,
      0.43863919842030374,
      0.49486296222882886,
      0.551086726037354,
      0.607310489845879,
      0.6635342536544041,
      0.7197580174629292,
      0.7759817812714543,
      0.8322055450799795,
      0.8884293088885045,
      0.9446530726970296,
      1.0008768365055547,
      1.0571006003140797,
      1.113324364122605,
      1.16954812793113,
      1.225771891739655,
      1.2819956555481802,
      1.3382194193567052,
      1.3944431831652304,
      1.4506669469737554,
      1.5068907107822804,
      1.5631144745908057,
      1.6193382383993307,
      1.6755620022078557,
      1.731785766016381,
      1.788009529824906,
      1.844233293633431,
      1.9004570574419561,
      1.9566808212504812,
      2.0129045850590064,
      2.0691283488675314,
      2.1253521126760564
    ],
    "counts": [
      1,
      5,
      7,
      15,
      25,
      37,
      67,
      41,
      54,
      49,
      36,
      13,
      18,
      10,
      6,
      8,
      0,
      3,
      0,
      1,
      0,
      2,
      0,
      0,
      0,
      0,
      1,
      0,
      0,
      0,
      0,
      0,
      1
    ],
    "bin_centers": [
      0.29807978889899106,
      0.3543035527075161,
      0.41052731651604124,
      0.4667510803245663,
      0.5229748441330915,
      0.5791986079416165,
      0.6354223717501415,
      0.6916461355586667,
      0.7478698993671917,
      0.804093663175717,
      0.860317426984242,
      0.916541190792767,
      0.9727649546012922,
      1.0289887184098172,
      1.0852124822183424,
      1.1414362460268674,
      1.1976600098353924,
      1.2538837736439175,
      1.3101075374524427,
      1.366331301260968,
      1.422555065069493,
      1.478778828878018,
      1.535002592686543,
      1.5912263564950682,
      1.6474501203035932,
      1.7036738841121184,
      1.7598976479206434,
      1.8161214117291684,
      1.8723451755376934,
      1.9285689393462186,
      1.9847927031547439,
      2.041016466963269,
      2.097240230771794
    ]
  }
}