{
  "root": "C:\\Users\\Abol\\Desktop\\Python\\مدل نسبت تاج و ریشه\\processed_labelme_dataset",
  "count_total": 400,
  "count_with_valid_ratio": 400,
  "count_skipped": 0,
  "ratios_summary": {
    "count": 400,
    "mean": 0.7376271652987407,
    "std": 0.199788561386408,
    "min": 0.2699679069947285,
    "max": 2.1253521126760564,
    "median": 0.720740562432422,
    "p05": 0.47312390063520104,
    "p25": 0.6155835436323095,
    "p75": 0.8282351575714512,
    "p95": 1.0590498110681237
  }
}